Producto,Precio
,
,
"Smart Watch 6 - Smartwatch para Hombre y Mujer, GPS, NFC, Llamada Bluetooth, H",COP $230 382.46 a COP $253 423.58
"Reloj inteligente 2024 para hombre/mujer, reloj inteligente impermeable Bluetooth iPhone Samsung",COP $62 123.29
"Google Pixel Watch 2 41 mm GPS WiFi Bluetooth Dorado, Negro, Plateado G4TSL",COP $532 821.59 a COP $621 632.59
RELOJ INTELIGENTE MILITAR INDESTRUCTIBLE,COP $190 899.24
"üî•2024 Reloj Inteligente Para Hombre/Mujer, Reloj Inteligente Impermeable Bluetooth iPhone Samsung",COP $110 969.34
"üî•2024 Reloj Inteligente Para Hombre/Mujer, Reloj Inteligente Impermeable Bluetooth iPhone Samsung",COP $102 088.24
Reloj inteligente Samsung Galaxy Watch 4 44 mm SM-R870 aluminio GPS ECG monitor rastreador,COP $244 185.84
"üî•2024 Reloj Inteligente Para Hombre/Mujer, Reloj Inteligente Impermeable Bluetooth iPhone Samsung",COP $133 172.09
Reloj inteligente 2024 para hombre/mujer impermeable reloj inteligente Bluetooth iPhone Samsung,COP $133 172.09
Reloj Inteligente 2024 Hombre Impermeable Reloj Inteligente Bluetooth para iPhone Android Samsung,COP $105 418.66 a COP $122 337.15
Reloj inteligente HUAWEI GT4 Pro GPS NFC para hombre pantalla 360*360 AMOLED frecuencia card√≠aca Bluetoot,COP $155 374.84
"üî•2024 Reloj Inteligente Para Hombre/Mujer, Reloj Inteligente Impermeable Bluetooth iPhone Samsung",COP $102 088.24
ANUNCIO NUEVOReloj inteligente 2024 para hombre/mujer impermeable reloj inteligente Bluetooth iPhone Samsung,COP $95 015.84
Smartwatch Mujer Hombre con Funci√≥n Tel√©fono Reloj de Pulsera para iPhone Samsung Huawei,COP $326 193.52
"Reloj Inteligente 2.64"" Pantalla Android 11 Doble 5MP C√°mara 1200mAh Tipo-C 4G Reloj Inteligente",COP $399 605.09
"ANUNCIO NUEVOReloj inteligente Samsung Galaxy Watch 7 44 mm Bluetooth AI, GPS, WiFi *Am√©rica Latina*",COP $843 660.09
Reloj inteligente 2024 para hombre/mujer impermeable reloj inteligente Bluetooth iPhone Samsung,COP $97 647.69
Reloj inteligente Samsung Galaxy Gear S SM-R750V curvo s√∫per AMOLED - negro,COP $443 832.97
RELOJ INTELIGENTE MILITAR INDESTRUCTIBLE,COP $139 166.84
Reloj inteligente 2024 para hombre/mujer impermeable reloj inteligente Bluetooth iPhone Samsung,COP $87 079.19
ANUNCIO NUEVO Reloj inteligente Google Pixel Watch LTE negro mate,COP $225 100.36
Reloj Inteligente 2024 Hombre Impermeable Reloj Inteligente Bluetooth para iPhone Android Samsung,COP $422 063.18
Reloj inteligente Samsung Galaxy SM-R800 AMOLED 46 mm acero inoxidable - negro SR,COP $103 420.41 a COP $120 028.07
Reloj inteligente Google Pixel Watch - Seguimiento de actividad y frecuencia card√≠aca - Plateado pulido,COP $288 413.72
Samsung - Galaxy Watch4 Aluminio Reloj inteligente 40 mm BT - Dorado - SM-R860NZDAXAA,COP $261 992.45
Google Pixel Watch 2 41mm GPS WiFi Bluetooth (Gris),COP $199 780.34
Reloj inteligente Huawei GT - negro - nuevo precintado,COP $226 468.05
Reloj inteligente Google Pixel Watch - Seguimiento de actividad y frecuencia card√≠aca - Plateado pulido,COP $202 534.05
"Reloj inteligente 2024 para hombre/mujer, reloj inteligente impermeable Bluetooth iPhone Samsung",COP $285 133.93
"Reloj inteligente 6 cl√°sico: GPS, seguimiento de la salud, frecuencia card√≠aca, resistente al agua, BT.",COP $133 172.09
Reloj inteligente 2024 para hombre/mujer impermeable reloj inteligente Bluetooth para iPhone Samsung,COP $207 341.33 a COP $227 502.32
"Reloj inteligente Motorola Moto Watch 100 GPS para hombre y mujer, 42 mm - negro fantasma -",COP $110 969.34 a COP $124 290.99
ANUNCIO NUEVOApple Watch Series 7 41mm Funda Aluminio Verde GPS+ Celular Desbloqueado,COP $229 398.81
Reloj Google Pixel 41 mm GPS + WiFi + Bluetooth dorado negro plateado - bueno,COP $270 873.55
"Reloj Google Pixel 1¬™ Generaci√≥n 41mm GPS WiFi Bluetooth Dorado, Negro, Plateado GQF4C",COP $266 388.59
ANUNCIO NUEVOCaja para samsung galaxy watch 6,COP $310 794.09 a COP $444 010.59
Bluetooth Smartwatch Hombre Mujer Deporte Fitness Tracker Pod√≥metro Reloj de Pulsera,COP $84 412.64
Reloj inteligente Samsung Galaxy Watch 6 40 mm - Bluetooth - SM-R935 - negro,COP $18 619.63
Reloj inteligente 2024 para hombre/mujer impermeable reloj inteligente Bluetooth para Samsung iPhone,COP $618 744.62
Reloj Inteligente 2024 Hombre Impermeable Reloj Inteligente Bluetooth para iPhone Android Samsung,COP $88 766.59
Reloj Tel√©fono Llamada Inteligente 2G Ni√±os Impermeable Madre Ni√±os Monitor GPS Ni√±o Ni√±as,COP $128 731.54 a COP $146 493.74
Reloj inteligente Samsung - Gear Sport 43 mm - negro - SM-R600NZKAXAR,COP $59 947.43
ANUNCIO NUEVOApple Watch Series 5 44 mm Gris espacial Estuche de aluminio GPS + Celular - Desbloqueado,COP $133 172.09
Reloj inteligente militar para hombre (responder/hacer llamadas) impermeable fitness reloj deportivo,COP $217 586.95
Reloj inteligente 2024 hombre mujer impermeable reloj inteligente Bluetooth para iPhone Samsung,COP $93 135.27
Reloj Google Pixel 41 mm WiFi + LTE desbloqueado dorado negro plateado - grado B+,COP $63 233.43
Reloj Inteligente con C√°mara Pantalla T√°ctil GPS WIFI 4G Android Reloj Inteligente para Hombres Mujeres,COP $244 185.84
Samsung Galaxy Watch4 Classic 46mm R890 GPS - Muy bueno,COP $442 412.00
Reloj Inteligente Michael Kors MKT5022 Damas Access Sofie Digital Oro Rosa - Funciona,COP $266 388.59
Reloj inteligente Bluetooth con c√°mara impermeable compa√±ero de tel√©fono para Android Samsung iPhone,COP $365 731.81
Samsung Watch 7 40mm / 44mm LTE + Bluetooth + WiFi ‚óÜGarant√≠a Samsung‚óÜ,COP $51 465.97 a COP $52 798.14
"Reloj inteligente 2024 para hombre/mujer, reloj inteligente impermeable Bluetooth iPhone Samsung",COP $785 977.35
Reloj inteligente para hombre y mujer impermeable Bluetooth para iPhone Android Samsung,COP $124 290.99
ID115 HR Plus Bluetooth Smart Watch Fitness Tracker Bracelet fr√©quence cardiaque,COP $62 123.29
Reloj inteligente militar para hombre (responder/hacer llamadas) rastreador de fitness t√°ctico resistente,COP $37 285.93
Reloj inteligente 2024 para hombre/mujer impermeable reloj inteligente Bluetooth iPhone Samsung,COP $133 172.09
Reloj inteligente Samsung Gear S3 Frontier SM-R760 46 mm Bluetooth WiFi - gris oscuro,COP $133 172.09
Reloj inteligente de fitness rastreador de actividad ritmo card√≠aco para mujeres hombres monitor de ox√≠geno BP,COP $355 021.97
"Reloj inteligente ECG+PPG Bluetooth Call - Rastreador de salud y estado f√≠sico para hombres, impermeable",COP $31 927.55 a COP $69 228.17
Reloj inteligente para ni√±os con funci√≥n de tel√©fono reloj de pulsera Smart Watch SOS tarjeta SIM reloj,COP $132 457.67 a COP $149 738.52
,
,
Reloj inteligente 2024 pantalla t√°ctil completa AMOLED Bluetooth llamada para mujer -DT85,COP $192 969.43 a COP $201 581.05
Reloj inteligente 2024 dama mujer IP68 reloj inteligente Bluetooth llamada para iPhone Samsung,COP $88 766.59
"Reloj inteligente 2024 para hombre/mujer, reloj inteligente impermeable Bluetooth iPhone Samsung",COP $97 647.69
Reloj inteligente militar resistente deportes al aire libre ritmo card√≠aco fitness rastreador sangre NUEVO,COP $128 731.54
Reloj inteligente de fitness rastreador de actividad ritmo card√≠aco para mujeres hombres monitor de ox√≠geno BP,COP $31 927.55 a COP $69 228.17
Reloj inteligente Bluetooth con c√°mara impermeable compa√±ero de tel√©fono para Android Samsung iPhone,COP $51 465.97 a COP $52 798.14
Reloj inteligente para hombres y mujeres rastreador de ejercicios presi√≥n arterial ritmo card√≠aco relojes deportivos Reino Unido,COP $129 376.43
Reloj inteligente Track Pro negro,COP $57 682.74
Reloj Huawei Watch GT 46mm Acero Inoxidable Titanio Verde Android Caja Abierta CO8805,COP $239 567.67
Reloj inteligente militar para hombre resistente t√°ctico rastreador de actividad f√≠sica reloj inteligente deporte,COP $126 511.27
Apple Watch Serie 10 GPS + Celular 46mm Reloj Inteligente Estuche Aluminio Banda Deportiva,COP $1 665 161.84
"Reloj inteligente 2024 para hombre/mujer, reloj inteligente impermeable Bluetooth iPhone Samsung",COP $71 004.39
Reloj inteligente con tarjeta SIM 4G para ni√±o reloj inteligente 4G WIFI rastreador chat de voz,COP $78 109.42 a COP $78 685.44
Reloj inteligente Samsung Galaxy Gear S SM-R750 curvo s√∫per AMOLED - negro,COP $559 331.68
"Reloj Pulsera 2.88"" Pantalla T√°ctil 4G 9.0Android/iOS Doble C√°mara 4GB+64GB",COP $870 347.80
"Reloj inteligente IOWODO para hombres mujeres - Pantalla HD de 1,85"""" con hacer y responder llamadas EE. UU.",COP $148 269.96
Reloj inteligente CARBINOX Titan IP69K resistente al agua NUEVO/caja sellada,COP $155 419.25
Reloj inteligente 2024 para hombre/mujer impermeable reloj inteligente Bluetooth iPhone Samsung,COP $46 581.37
Xiaomi Redmi Watch 5 Reloj Inteligente GPS Activo LCD 2.0‚Äù Impermeable - Medianoche,COP $225 044.09
Reloj inteligente Samsung Galaxy Gear S SM-R750 curvo s√∫per AMOLED - blanco,COP $443 832.97
Reloj inteligente Samsung Galaxy Watch Active2 fitness seguimiento del sue√±o 40 mm activo 2,COP $164 078.32
Samsung Galaxy Watch4 Classic 42mm R880 GPS - Excelente,COP $284 150.79
ANUNCIO NUEVO2 relojes inteligentes cl√°sicos Pebble en funcionamiento para iPhone iOS y Android OS 301BL 301WH,COP $355 199.59
Reloj inteligente Samsung Galaxy Watch Ultra 47 mm Galaxy AI titanio plateado,COP $2 307 222.42
"SAMSUNG Galaxy Watch7 | 40mm Bluetooth AI Reloj Inteligente, WiFi, GPS *Am√©rica Latina*",COP $799 254.59
Reloj inteligente 2024 para hombre/mujer impermeable reloj inteligente Bluetooth iPhone Samsung Reino Unido,COP $70 287.59
"Reloj inteligente TOZO S5 (responder/hacer llamadas), 1,43‚Äô‚Äô‚Äô AMOLED 100+ reloj deportivo fitness",COP $133 216.50
¬°NUEVO! Reloj inteligente Timex Family Connect Senior T-Mobile 4G LTE (SOLO reloj y banda),COP $130 996.23
Reloj Inteligente con C√°mara Pantalla T√°ctil GPS WIFI 4G Android Reloj Inteligente para Hombres Mujeres,COP $442 412.00
Reloj inteligente Michael Kors Gen 6 Bradshaw 44 mm tono oro rosa MKT5133V,COP $976 876.59
"RELOJ INTELIGENTE SL-TECH 1.96"" 430mAh IMPERMEABLE BLUETOOTH Fitness para SAMSUNG/iPHONE",COP $115 676.33
Reloj inteligente 2023 para hombre/mujer impermeable reloj inteligente Bluetooth iPhone Samsung,COP $159 815.39
Reloj inteligente DZ09 Bluetooth con c√°mara impermeable compa√±ero de tel√©fono para Android Samsung,COP $51 465.97 a COP $53 242.19
Apple Watch Series 3 38mm 42mm GPS + WiFi + Celular Rosa Oro Gris Espacial Plateado,COP $355 199.59 a COP $444 010.59
Reloj inteligente mujer hombre frecuencia card√≠aca para iPhone Android Bluetooth-rosa,COP $115 771.82
GT4 PRO Reloj Inteligente Impermeable NFC GPS Rastreador AMOLED Bluetooth Llamada Hombres Mujeres,COP $151 886.47
ANUNCIO NUEVOReloj inteligente Samsung-Galaxy Watch5 44 mm BT -Grafito SM-R910NZAAXAA Grado A,COP $310 838.50
"Reloj Samsung Galaxy GPS o GPS + Celular Desbloqueado + Banda Deportiva, Muy Bueno",COP $177 577.59
Google Pixel Watch 2 41 mm WIFI + LTE Desbloqueado Dorado Negro Plata GD2WG OBX Como Nuevo,COP $666 038.09 a COP $754 849.09
Smartwatch Mujer Mujer con Funci√≥n Tel√©fono Reloj de Pulsera para iPhone Samsung Huawei,COP $652 853.70
2023 Reloj inteligente para hombre/mujer impermeable Bluetooth iPhone Samsung,COP $142 985.71 a COP $154 531.14
ANUNCIO NUEVOReloj Samsung Galaxy 7 SM-L305F verde,COP $1 149 176.15
"Reloj inteligente 2024 para hombre/mujer, reloj inteligente impermeable Bluetooth iPhone Samsung",COP $66 563.84
"Reloj inteligente 119S fitness para dormir reloj impermeable pantalla de 1,44 pulgadas carga USB",COP $17 717.79
Reloj Inteligente Hombres Mujeres Fitness Presi√≥n Arterial Ritmo Card√≠aco Relojes Dorado,COP $89 983.87
NUEVO‚úÖ Reloj Inteligente Michael Kors Bradshaw Gen 6 Pantalla T√°ctil Cristal Pavimentado Oro Rosa,COP $1 110 093.09
Reloj inteligente rastreador de actividad f√≠sica presi√≥n arterial relojes deportivos Reino Unido regalo de Navidad,COP $67 473.83
Relojes inteligentes para mujer compatibles con tel√©fonos iPhone y Android,COP $57 682.74
Reloj inteligente Bluetooth llamada rastreador de actividad f√≠sica frecuencia card√≠aca presi√≥n arterial reloj deportivo,COP $112 493.91
Reloj inteligente Samsung Galaxy Watch 4 40 mm SM-R860 aluminio GPS ECG monitor rastreador,COP $266 388.59
Reloj Google Pixel 41 mm GPS + WiFi + Bluetooth dorado negro plateado - bueno,COP $266 388.59
Reloj inteligente 2024 para hombre/mujer impermeable reloj inteligente Bluetooth para Samsung iPhone,COP $97 647.69
ANUNCIO NUEVOGoogle Pixel Watch en perfecto estado,COP $422 063.18
Rastreador de ejercicios Samsung Galaxy Fit3 SM-R390 - 101 modos de entrenamiento - nuevo,COP $266 210.97
ANUNCIO NUEVOSamsung Galaxy Watch7 44 mm Wifi + LTE (Desbloqueado) Banda Verde SM-L315U - ¬°Como Nuevo!,COP $883 669.45
Cartine Smoking Kukuxumusu Lunghe Ultra Fine King Size Slim Da 50 Libretti,COP $163 330.09
"Reloj inteligente Samsung Galaxy Watch 6 cl√°sico 47 mm BT - negro, extras (SM-R960NZKAXAA)",COP $390 768.40
Reloj inteligente para mujeres hombres dial/respuesta de llamadas compatible para tel√©fonos Samsung Galaxy,COP $399 605.09
Smartwatch Mujer Mujer con Funci√≥n Tel√©fono Reloj de Pulsera para iPhone Samsung Huawei,COP $559 522.22
Reloj inteligente GPS para ni√±os Smartwatch Tel√©fono con rastreador GPS SOS m√≥vil emergencia,COP $372 859.26
,
,
Reloj inteligente GPS para ni√±os Smartwatch Tel√©fono con rastreador GPS SOS m√≥vil emergencia,COP $372 859.26
Reloj inteligente ni√±os funci√≥n de tel√©fono GPS Tracker SOS reloj de pulsera para iPhone Samsung,COP $372 859.26
Smartwatch Mujer con Funci√≥n Tel√©fono Reloj de Pulsera Impermeable para Android IOS,COP $652 853.70
Reloj Inteligente Mujer Hombre Alexa Llamada Incorporada HR Pasos Deportes para iPhones,COP $319 675.19
Reloj inteligente Bluetooth pulsera puls√≥metro presi√≥n arterial rastreador de fitness para hombre mujer,COP $34 952.64 a COP $36 819.27
Reloj inteligente para hombre mujer impermeable reloj inteligente Bluetooth iPhone Samsung,COP $69 499.74 a COP $78 728.85
Reloj Google Pixel 41mm Negro Mate Caja Acero Inoxidable GA03119-US L Tama√±o,COP $230 864.19
Apple Watch SE (2¬™ Generaci√≥n) 40mm Estuche Aluminio con Lazo Deportivo -...,COP $777 096.25
"TOP 1.95"" Impermeable Reloj Inteligente Hombres Mujeres Reloj Inteligente Bluetooth IOS Android 2024",COP $84 356.36
Reloj inteligente Sekonda para damas oro rosa. Modelo 40388.00,COP $337 594.27
"Reloj Inteligente CMF by Nothing Watch 2 Pro 1.32"" AMOLED GPS Nuevo",COP $355 021.97
Reloj inteligente Bluetooth de pantalla grande tel√©fono reproductor de m√∫sica fitness rastreador de ritmo card√≠aco,COP $226 423.64
Reloj inteligente ni√±os funci√≥n de tel√©fono GPS Tracker SOS reloj de pulsera para iPhone Samsung,COP $232 862.04
"Samsung Galaxy Watch 6 LTE 40mm, R935 Dorado, Smartwatch (ORIGINAL SAMSUNG) NUEVO",COP $843 660.09
"Reloj inteligente de pantalla grande 4G de 2,88"" compa√±ero de tel√©fono Android monitor de ritmo card√≠aco 4 GB + 64 GB",COP $826 571.59
"Reloj inteligente SAMSUNG Galaxy Watch 7 40 mm AI, Bluetooth, WiFi *Am√©rica Latina*",COP $754 849.09
Reloj inteligente Samsung Galaxy Watch Ultra Titanium 47 mm LTE todos los colores (modelo EE. UU.),COP $1 798 378.34
ANUNCIO NUEVOReloj inteligente rastreador de actividad f√≠sica iTouch Air 3 - oro rosa con correa para rubor,COP $124 113.37
Reloj inteligente Spade & Co. Health 3 para Android y Apple negro,COP $155 374.84
ANUNCIO NUEVOReloj inteligente para Android iPhone monitor de presi√≥n arterial ritmo card√≠aco rastreador de actividad f√≠sica,COP $97 647.69
ANUNCIO NUEVOReloj inteligente HYPE Bluetooth nuevo con etiquetas en caja,COP $102 132.65
Apple Watch Nike+ 42 mm gris espacial carcasa de aluminio antracita/negro correa deportiva -...,COP $217 586.95
NUEVO Reloj Samsung Galaxy Ultra 47 mm (SM-L705U) LTE/Celular,COP $1 753 795.22
Reloj inteligente multifunci√≥n para hombres mujeres ni√±os mensaje recordatorio control de m√∫sica deporte,COP $39 336.29
Reloj inteligente CMF by Nothing Pro AMOLED Bluetooth llamadas GPS fitness - Nuevo,COP $310 794.09
NUEVO Xiaomi Smart Band 9/9NFC Bluetooth Pulsera Deportiva Reloj Inteligente Salud Moni,COP $191 053.93
ANUNCIO NUEVOApple Watch 40mm Serie 5 Bandas,COP $44 405.50
Nuevo Reloj Inteligente Android Tel√©fono 3G GSM SIM GPS 1GB 12GB Coraz√≥n WiFi KW68,COP $177 577.59
Smartwatch Mujer con Funci√≥n Tel√©fono Reloj de Pulsera para iPhone Samsung Huawei Xiaomi,COP $419 525.00
Smartwatch Mujer Mujer con Funci√≥n Tel√©fono Reloj de Pulsera para iPhone Samsung Huawei,COP $419 525.00
YAMAY Smart Watch for iPhone Android with Heart Rate/Sleep Monitor for Men Women,COP $71 448.45 a COP $106 528.79
"Reloj Inteligente 2.02"" 4G 4GB+128GB Doble C√°mara Monitor de Ritmo Card√≠aco IP68 Impermeable Nuevo",COP $1 269 730.87
Ultra Watch 2 Nuevo,COP $213 101.99
"Reloj inteligente 2024 para hombre/mujer, reloj inteligente impermeable Bluetooth iPhone Samsung",COP $75 444.94
Reloj inteligente Samsung Galaxy Gear S3 Frontier 46 mm SM-R765 WiFi gris oscuro,COP $362 748.53
Reloj de pulsera inteligente Bluetooth con pantalla t√°ctil Q18 para reloj con tarjeta SIM TF Android,COP $119 672.82
Reloj inteligente 2024 Best Trendy Smartwatch 2.0 regalo,COP $142 053.19
Reloj Inteligente T√°ctil Bluetooth Ritmo Card√≠aco Fitness Deporte Para Android IOS Impermeable,COP $39 336.29 a COP $44 401.05
Reloj inteligente Asus ZenWatch 3 WI503Q-SL-BG AMOLED 45 mm WiFi cuero beige plateado,COP $444 010.59
Reloj inteligente de fitness rastreador de actividad ritmo card√≠aco para mujeres hombres monitor de ox√≠geno BP,COP $33 215.31 a COP $125 312.32
Apple Watch SE 2da Generaci√≥n 40 mm GPS Starlight con Banda Deportiva Starlight S/M MR9U3LL/A,COP $732 690.75
Reloj inteligente Samsung Galaxy Watch7 Bluetooth (todos los colores y tama√±os) (modelo EE. UU.),COP $888 065.59
Reloj inteligente 119S Bluetooth deportivo rastreador de actividad f√≠sica compa√±ero de tel√©fono para Android e iOS,COP $50 591.31
Reloj inteligente NFC Bluetooth ox√≠geno en sangre ECG ritmo card√≠aco rastreador de temperatura corporal~,COP $128 731.54 a COP $146 493.74
Apple Watch Ultra 2 49 mm GPS + Celular - Banda 64 GB - Excelente,COP $2 215 834.45
Reloj inteligente militar para hombre (responder/hacer llamadas) impermeable fitness reloj deportivo,COP $87 612.05
Reloj Google Pixel 41mm GPS + WiFi + Bluetooth Dorado Negro Plata Muy Bueno,COP $288 591.34
Reloj inteligente Apple Watch Series 9 - GPS + GSM celular 41 mm - Excelente,COP $1 154 498.59
Reloj Google Pixel 41 mm negro mate estuche de acero inoxidable Wifi/BT - negro,COP $640 917.00
Reloj inteligente Sekonda para hombre 45 mm. Negro. Art√≠culo 1909.00. Totalmente nuevo precio de venta sugerido por el fabricante ¬£79.99,COP $337 594.27
Reloj inteligente para hombre Bluetooth llamada presi√≥n arterial ritmo card√≠aco rastreador de fitness Reino Unido,COP $225 044.09 a COP $241 926.61
Reloj inteligente desbloqueado Apple Watch SE 2022 (2da generaci√≥n) 40 mm 44 mm (GPS + celular),COP $754 849.09
Relojes inteligentes impermeables para mujer y hombre (responder/hacer llamadas),COP $57 682.74
Nuevo Reloj Inteligente Android Tel√©fono 3G GSM SIM GPS 1GB 12GB Coraz√≥n WiFi Blanco,COP $177 577.59
NUEVO RELOJ INTELIGENTE CARBINOX Titan,COP $159 815.39
"Filtri Rizla Ultra Slim Size 5,7 mm Filters Pack Tip 20 Packs 1 Full Box",COP $97 998.05
Reloj inteligente Apple Watch Series 10 GPS + celular 42 mm estuche de aluminio correa deportiva,COP $1 576 350.84
"""Reloj inteligente DM55 Pulse AMOLED pantalla t√°ctil IP68 impermeable - para hombre y mujer, 1,43""",COP $180 024.01
Reloj inteligente Fitbit Versa 3 salud y fitness - rosa/dorado - FB511GLPK-FRCJK,COP $444 010.59
Reloj inteligente para hombre 4G pantalla t√°ctil grande tel√©fono c√°mara de 5 MP reloj inteligente para mujeres hombres,COP $628 559.85
,
,
Reloj inteligente para hombre 4G pantalla t√°ctil grande tel√©fono c√°mara de 5 MP reloj inteligente para mujeres hombres,COP $628 559.85
Reloj inteligente ritmo card√≠aco presi√≥n arterial ox√≠geno sue√±o monitor deportivo Bluetooth,COP $124 290.99
"Reloj inteligente SKG 1,95"" con respuesta/hacer llamada para Android iOS 123+ Deportes Fitness",COP $143 978.24
Reloj inteligente ni√±os funci√≥n de tel√©fono GPS Tracker SOS reloj de pulsera para iPhone Samsung,COP $512 856.48
Google Pixel Watch 2 41 mm GPS + WiFi + Bluetooth Dorado Negro Plata - Grado B+,COP $421 807.84
Reloj Inteligente Presi√≥n Arterial Monitor de Ritmo Card√≠aco Pulsera para Smartphone,COP $36 146.08 a COP $36 767.75
Reloj inteligente multifunci√≥n para hombres mujeres ni√±os mensaje recordatorio control de m√∫sica deporte,COP $39 336.29
Reloj inteligente Samsung Galaxy 4 44 mm aluminio SM-R870 negro - grado B,COP $199 780.34
Reloj inteligente Kospet Tank T2 plateado edici√≥n especial RTL8763EW,COP $199 558.32
Reloj inteligente desbloqueado Apple Watch Series 6 40 mm/44 mm (GPS + celular),COP $483 975.54 a COP $506 178.29
Apple Watch Ultra 49 mm GPS + Estuche Celular Titanio con Banda Oc√©ano Negro MX4P3LW/A,COP $2 793 105.95
Reloj inteligente para ni√±os - Juego ni√±as,COP $44 361.09
Nuevo Reloj Inteligente Deportivo GPS Pantalla AMOLED 1.85 Bluetooth Llamada Reloj Inteligente,COP $149 796.12 a COP $160 855.86
Garmin Vivoactive 3 - Reloj inteligente GPS - (010-01769-02),COP $510 618.84
Reloj inteligente 2024 para hombre/mujer impermeable reloj inteligente Bluetooth iPhone Samsung,COP $133 172.09
Reloj inteligente Samsung Galaxy Watch 5 40 mm Bluetooth bisel plateado con correa p√∫rpura,COP $883 447.42
Reloj inteligente hombres mujeres rastreador de fitness presi√≥n arterial ritmo card√≠aco relojes deportivos Reino Unido,COP $73 101.34
Samsung Galaxy Watch6 Cl√°sico 47mm R960N GPS - Excelente,COP $621 632.59
Samsung Galaxy Watch5 44 mm R910N GPS - Bueno,COP $297 472.44
Reloj de pulsera inteligente Bluetooth con pantalla t√°ctil Q18 para reloj con tarjeta SIM TF Android,COP $119 672.82
Reloj inteligente militar para hombre (recepci√≥n/marcaci√≥n de llamadas) resistente t√°ctico rastreador de ejercicios,COP $221 983.09
Samsung Galaxy Watch4 44 mm R875 GPS + celular - muy bueno,COP $266 388.59
ANUNCIO NUEVOReloj inteligente rastreador de actividad f√≠sica iTouch Sport 3 - oro rosa con correa de malla dorada rosa,COP $124 113.37
NUEVO RELOJ INTELIGENTE CARBINOX Titan,COP $159 815.39
Reloj inteligente One61 Wonder Woman DC Nuevo caja abierta nunca usado ajustable,COP $22 158.34
Reloj inteligente Samsung Galaxy Watch 7 44 mm SM-L310 Bluetooth AI - Excelente,COP $888 065.59
Samsung Galaxy Watch5 40 mm R900N GPS - bueno,COP $310 794.09
Reloj inteligente rastreador para ni√±os GSM GPS SIM alarma c√°mara SOS llamada tel√©fono para ni√±os ni√±as,COP $62 183.97
Reloj inteligente militar para hombre (recepci√≥n/marcaci√≥n de llamadas) resistente t√°ctico rastreador de ejercicios,COP $133 172.09
Nuevo IP68 Impermeable Reloj Inteligente Rastreador de Ejercicio Presi√≥n Arterial Monitor Card√≠aco Reino Unido,COP $253 181.63
Reloj inteligente para hombre/mujer impermeable reloj inteligente Bluetooth para iPhone Samsung,COP $133 172.09
Reloj inteligente Samsung Galaxy Gear SM-V700 41 mm acero inoxidable con c√°mara bocina,COP $319 497.57
Apple Watch Series 7 - 41 mm - Azul aluminio - Solo reloj MKHC3LL/A,COP $266 388.59
Reloj inteligente para ni√±os c√°mara SOS llamada tel√©fono GSM juego relojes ni√±os ni√±as regalos,COP $61 846.32 a COP $67 473.83
Reloj inteligente Samsung Galaxy SM-R800 AMOLED 46 mm acero inoxidable - negro,COP $350 581.42
Cartine Rizla Argento Lunghe Silver KING SIZE Scatole Da 50 Libretti,COP $153 996.94
Reloj inteligente Samsung Gear S3 Frontier SM-R760 46 mm Bluetooth WiFi - gris oscuro SR,COP $310 616.47
ANUNCIO NUEVONuevo Reloj Samsung Galaxy 7 40mm Verde WiFi Bluetooth Peque√±o/Mediano,COP $883 669.45
"Relojes inteligentes para hombre, reloj inteligente militar responder/hacer llamada, 100+ reloj deportivo fitness",COP $159 815.39
Reloj inteligente de cuero blanco para mujer Bluetooth llamadas m√∫sica para Android IOS...,COP $168 769.00
Reloj inteligente 4G Wifi para estudiantes desbloqueado llamada telef√≥nica rastreador antip√©rdida soporte para SIM,COP $251 823.59
Samsung Galaxy Watch4 40 mm R860 GPS - bueno,COP $244 185.84
Reloj Inteligente Premium Impermeable Bluetooth Hombres Mujeres Reloj Inteligente Para Android iOS,COP $46 581.37
Reloj inteligente t√°ctil Bluetooth ritmo card√≠aco fitness deporte impermeable para Android iOS,COP $53 242.19
Reloj inteligente Samsung Galaxy Watch 6 cl√°sico 47 mm LTE R965 - impecable estado,COP $710 443.59
Reloj inteligente para mujeres/hombres impermeable Bluetooth iPhone Samsung Android,COP $94 095.25 a COP $102 088.24
Reloj inteligente impermeable rastreador de sue√±o ritmo card√≠aco presi√≥n arterial para iOS Android,COP $97 647.69
Reloj inteligente Apple Watch SE 2 2¬™ generaci√≥n 44 mm GPS medianoche carcasa de aluminio,COP $444 010.59
"Reloj inteligente t√°ctico militar para hombre, rastreador de salud impermeable para Android e IOS",COP $777 096.25
ANUNCIO NUEVOApple Watch Series 10 46 mm GPS Jet Negro Estuche con Tinta Lazo Deportivo Desbloqueado,COP $128 731.54
Reloj inteligente de fitness rastreador de actividad ritmo card√≠aco para mujeres hombres monitor de ox√≠geno BP,COP $1 283 318.95
Reloj inteligente SKMEI ox√≠geno en sangre presi√≥n arterial Bluetooth monitor de frecuencia card√≠aca rastreador de ejercicios R3,COP $43 917.04
Cartine Elements Blu Lunghe KING Blue SIZE SLIM Da 50 Libretti,COP $95 611.38
Reloj inteligente Samsung Galaxy Watch Ultra 47MM LTE desbloqueado L705U AI - Excelente,COP $153 996.94
Mujeres Hombres Reloj Inteligente Bluetooth Reloj de Pulsera Impermeable Fitness Tracker Pulsera,COP $1 647 399.64
Samsung Galaxy Watch4 40 mm R860 GPS - muy bueno,COP $92 763.09 a COP $96 981.61
"Reloj Inteligente 2.64"" Pantalla Android 11 Doble 5MP C√°mara 1200mAh Bater√≠a Reloj Inteligente",COP $261 948.04
"Reloj Google Pixel WiFi con Asistente de Google - Plateado, Correa de Tiza",COP $442 589.62
"Reloj inteligente HUAWEI Watch FIT nuevo | Pantalla de 1,64 pulgadas, para Android - Negro grafito",COP $675 301.08
Reloj Inteligente North Edge IP68 Bluetooth Regalo Rojo Negro Azul Blanco Deportes Aire Libre,COP $210 881.72
